-- Creating the salesman table
CREATE TABLE IF NOT EXISTS SALESMAN (
 SALESMAN_ID TEXT PRIMARY KEY,
 NAME TEXT,
 CITY TEXT,
 COMISSION REAL 
);

INSERT INTO SALESMAN ( SALESMAN_ID, NAME, CITY, COMMISSION) VALUES
 ('5201', 'James Hoog', 'New York', 0.15),
 ('5202', 'Nail Knite', 'Paris', 0.13),
 ('5205', 'Pit Alex', 'London', 0.11),
 ('5206', 'Mc Lyon', 'Paris', 0.14),
 ('5207', 'Paul Adam', 'Rome', 0.13),
 ('5203', 'Lawson Hen', 'San Jose', 0.12);

-- Creating the customer table
CREATE TABLE IF NOT EXISTS CUSTOMER (
 CUSTOMER_ID TEXT,
 CUST_NAME TEXT PRIMARY KEY,
 CITY TEXT,
 GRADE INTEGER,
 SALESMAN_ID TEXT,
 FOREIGN KEY (SALESMAN_ID) REFERENCES SALESMAN(SALESMAN_ID)
);

INSERT INTO CUSTOMER (CUSTOMER_ID, CUST_NAME, CITY, GRADE, SALESMAN_ID) VALUES
 ('3012', 'nick rimando', 'New York', 150, '5201'),
 ('3017', 'brad davis', 'New York', 240, '5201'),
 ('3015', 'graham zusi', 'California', 230, '5202'),
 ('3018', 'julian green', 'London', 320, '5204'),
 ('3014', 'fabian johnson', 'Paris', 310, '5206'),
 ('3019', 'geoff cameron', 'Berlin', 100, '5203'),
 ('3013', 'jozy altidor', 'Moscow', 200, '5207'),
 ('3011', 'brad guzan', 'London', NULL, '5205');

-- Creating the orders table
CREATE TABLE IF NOT EXISTS ORDERS (
 ORD_NO TEXT PRIMARY KEY,
 PURCH_AMT REAL,
 ORD_DATE TEXT,
 CUSTOMER_ID TEXT,
 SALESMAN_ID TEXT,
 FOREIGN KEY (CUSTOMER_ID) REFERENCES CUSTOMER(CUSTOMER_ID)
 FOREIGN KEY (SALESMAN_ID) REFERENCES SALESMAN(SALESMAN_ID)
);

INSERT INTO ORDERS (ORD_NO, PURCH_AMT, ORD_DATE, CUSTOMER_ID, SALESMAN_ID) VALUES
 ('70012', 150.5, '09-10-2012', '3015', '5202'),
 ('70090', 270.65, '05-10-2012', '3011', '5201'),
 ('70023', 65.26, '17-08-2012', '3012', '5203'),
 ('70045', 110.5, '05-10-2012', '3019', '5207'),
 ('70078', 948.5, '27-17-2012', '3015', '5205'),
 ('70056', 2400.6, '09-10-2012', '3017', '5206');


--Queries
SELECT * FROM CUSTOMER;
SELECT * FROM SALESMAN;
SELECT * FROM ORDERS;

-- MATTCHING CUSTOMERS AND SALESMEN BY CITY
SELECT CUSTOMER.CUST_NAME, SALESMAN.NAME, SALESMAN.CITY
FROM CUSTOMER
JOIN SALESMAN ON CUSTOMER.CITY = SALESMAN.CITY;

-- LINKING CUSTOMERS TO THEIR SALESMEN
SELECT CUSTOMER.CUST_NAME, SALESMAN.NAME
FROM CUSTOMER
JOIN SALESMAN ON CUSTOMER.SALESMAN_ID = SALESMAN.CUSTOMER_ID;

-- FETCHING ORDERS WHERE CUSTOMER'S CITY DOESN'T MATCH SALESMAN'S CITY
SELECT ORDERS.ORD_NO, CUSTOMER.CUST_NAME, ORDERS.CUSTOMER_ID, ORDERS.SALESMAN_ID
FROM ORDERS
JOIN CUSTOMER ON ORDERS.CUSTOMER_ID = CUSTOMER.CUSTOMER_ID
JOIN SALESMAN ON ORDERS.SALESMAN_ID = SALESMAN.SALESMAN_ID
WHERE CUSTOMER.CITY <> SALESMAN.CITY;

-- FETCHING ALL ORDERS WITH CUSTOMER NAMES
SELECT ORDERS.ORD_NO, CUSTOMER.CUST_NAME
FROM ORDERS
JOIN CUSTOMER ON ORDERS.CUSTOMER_ID = CUSTOMER.CUSTOMER_ID;

-- CUSTOMERS WITH GRADES
SELECT CUSTOMER.CUST_NAME AS "CUSTOMER", CUSTOMER.GRADE AS "GRADE"
FROM ORDERS
JOIN SALESMAN ON ORDERS.SALESMAN_ID = SALESMAN.SALESMAN_ID
JOIN CUSTOMER ON ORDERS.CUSTOMER_ID = CUSTOMER.CUSTOMER_ID
WHERE CUSTOMER.GRADE IS NOT NULL;

-- CUSTOMERS WITH SALESMEN WHERE COMMISSION IS BETWEEN 0.12 AND 0.14
SELECT CUSTOMER.CUST_NAME AS "CUSTOMER",
CUSTOMER.CITY AS "CITY",
SALESMAN.NAME AS "SALESMAN",
FROM CUSTOMER
JOIN SALESMAN ON CUSTOMER.SALESMAN_ID = SALESMAN.SALESMAN_ID
WHERE SALESMAN.COMMITION BETWEEN 0.11 AND 0.13;

-- CALCULATING COMMISSIONS FOR ORDERS WHERE CUSTOMER GRADE IS 200 OR MORE
SELECT ORDERS.ORD_NO, CUSTOMER.CUST_NAME, SALESMAN.COMMISSION AS "COMMISSION%",
ORDERS.PURCH_AMT * SALESMAN.COMMISSION AS "COMMISSION"
FROM ORDERS
JOIN SALESMAN ON ORDERS.SALESMAN_ID = SALESMAN.SALESMAN_ID
JOIN CUSTOMER ON ORDERS.CUSTOMER_ID = CUSTOMER.CUSTOMER_ID
WHERE CUSTOMER.GRADE >= 230;

-- ORDERS ON A SPECIFIC DATE
SELECT * FROM CUSTOMER
JOIN ORDERS ON CUSTOMER.CUSTOMER_ID = ORDERS.CUSTOMER_ID
WHERE ORDERS.ORD_DATE = '05-10-2012';